INSERT INTO users (id, name, age) VALUES (1, 'bob', 5), (2, 'jen', 9), (3, 'luo', 4),
(4, 'joe', 18), (5, 'jill', 16), (6, 'mark', 20), (7, 'fred', 14), (8, 'amy', 55), (9, 'luke', 34),
(10, 'sam', 21), (11, 'bo', 50), (12, 'suu', 14), (13, 'lee', 13), (14, 'mar', 52),
(15, 'tod', 49), (16, 'ann', 32), (17, 'frog', 20), (18, 'fre', 21),
(19, 'poe', 87), (20, 'nug', 1);

INSERT INTO projects (id, title, category, funding_goal, start_date, end_date) VALUES 
(1, 'boredom', 'games', 5000.00, '2005- 05-05', '2006-07-08'),
(2, 'a title', 'tv', 10575.00, '2041-05-14', '2041-08-12'),
(3, 'seriously why', 'games', 55555.00, '1541-07-15', '1542-02-25'),
(4, 'why why why', 'tv', 95478.00, '6666-04-06', '6667-05-14'),
(5, 'agony', 'tv', 56636.00, '1111-11-11', '2222-02-22'),
(6, 'agony b', 'games', 5858.00, '1515-01-15', '4444-04-24'),
(7, 'agony c', 'tv', 541.00, '4974-05-23', '5487-11-24'),
(8, 'agony d', 'tv', 18977.00, '5456-05-11', '5647-06-17'),
(9, 'agony e', 'tv', 597419.00, '5147-04-21', '6547-09-18'),
(10, 'agony f', 'tv', 84915296841.00, '4444-05-12', '6666-06-06');

INSERT INTO pledges (id, amount, user_id, project_id) VALUES 
(1, 65.00, 2, 3),
(2, 561.00, 3, 7),
(3, 5555.00, 4, 7),
(4, 56.00, 6, 9),
(5, 578.00, 1, 6),
(6, 78.00, 9, 7),
(7, 66.00, 15, 8),
(8, 56.00, 17, 5),
(9, 47.00, 11, 6),
(10, 87.00, 8, 4),
(11, 587.00, 6, 1),
(12, 56.00, 4, 1),
(13, 874.00, 6, 8),
(14, 69.00, 2, 5),
(15, 321.00, 5, 7),
(16, 874.00, 20 ,1),
(17, 52.00, 18, 6),
(18, 14.00, 14, 7),
(19, 568.00, 12, 3),
(20, 687.00, 17, 2),
(21, 663.00, 5, 6),
(22, 16.00, 16, 5),
(23, 894.00, 13, 6),
(24, 516.00, 12, 8),
(25, 6561.00, 10, 8),
(26, 849.00, 1, 5),
(27, 6865.00, 3, 5),
(28, 547.00, 2, 9),
(29, 669.00, 7, 5),
(30, 1898.00, 18, 7);
